SNP,loading,scaffold,pos
242_117973,0.0032448460114197,242,117973
242_135822,0.00317040075828962,242,135822
242_167655,0.00323223337576636,242,167655
242_195020,0.00298337619472264,242,195020
242_338668,0.00266441435855605,242,338668
242_392994,0.0029611861349133,242,392994
242_477815,0.00317229227119048,242,477815
242_491391,0.00295016550089066,242,491391
242_563742,0.00282467582097436,242,563742
242_563758,0.00282467582097436,242,563758
242_568638,0.00325076006907489,242,568638
242_769104,0.00314903809447571,242,769104
242_1192638,0.00288308310984407,242,1192638
242_1311237,0.00359146545324979,242,1311237
250_2559,0.0027533325723626,250,2559
250_54319,0.00294838955445725,250,54319
250_62879,0.00279888766039298,250,62879
250_444089,0.00300529410507218,250,444089
250_523647,0.00294838955445725,250,523647
342_897318,0.00103688438827257,342,897318
357_54038,0.00173827426397826,357,54038
357_157868,0.00247431196798893,357,157868
357_157869,0.00247431196798893,357,157869
409_134709,0.002925034175151,409,134709
415_2877,0.00280181399320153,415,2877
418_58709,0.00268031231920281,418,58709
418_98105,0.00281907372800741,418,98105
418_116963,0.00288091070458963,418,116963
418_117016,0.00266462716403493,418,117016
418_230240,0.00294016843999923,418,230240
418_260908,0.0028617193325051,418,260908
421_9602,0.00296403082443053,421,9602
421_9727,0.00311646677471203,421,9727
421_52596,0.00290860372114788,421,52596
421_52605,0.00298562572698496,421,52605
421_52628,0.00290860372114788,421,52628
431_6740,0.00224642879112015,431,6740
431_6758,0.00245913267014973,431,6758
431_20012,0.00239675875221903,431,20012
431_20073,0.00221314261295145,431,20073
431_42472,0.00234317453689988,431,42472
431_81691,0.00242138574292952,431,81691
431_297397,0.00124107677339277,431,297397
431_318646,0.00239761000472379,431,318646
431_318661,0.00253084537357994,431,318661
431_318769,0.0022434992189796,431,318769
431_349638,0.00189687049585237,431,349638
431_349641,0.00189687049585237,431,349641
431_390328,0.00206769106043721,431,390328
467_274182,0.00273858686756933,467,274182
467_274204,0.00273858686756933,467,274204
467_295386,0.0029428500711052,467,295386
493_26802,0.00230143482417661,493,26802
499_18214,0.00293952561416967,499,18214
499_18215,0.00293952561416967,499,18215
515_16621,0.00306645223160556,515,16621
515_142473,0.00257978907602257,515,142473
515_142583,0.00316941896087145,515,142583
515_183452,0.00291998492767482,515,183452
515_195320,0.00300063026357295,515,195320
524_74137,0.00301518435141871,524,74137
524_74275,0.00267483186782533,524,74275
527_212128,0.00278190307253463,527,212128
527_239868,0.00289429560441005,527,239868
527_239896,0.00289429560441005,527,239896
527_507243,0.002477906539386,527,507243
527_565557,0.00281294940424601,527,565557
527_675739,0.00271232371258489,527,675739
527_675765,0.00271232371258489,527,675765
527_721009,0.00267506839753853,527,721009
547_5667,0.00275428698546055,547,5667
547_5697,0.00296298032495461,547,5697
547_5753,0.00313568335963423,547,5753
547_5773,0.00313568335963423,547,5773
547_24374,0.0027907438105418,547,24374
547_24444,0.00281350481494661,547,24444
547_43209,0.0029629903743589,547,43209
547_43224,0.00292100641041908,547,43224
547_43269,0.00297588358959951,547,43269
552_60387,0.00304006759712702,552,60387
573_123868,0.00281701344099622,573,123868
573_195825,0.00304114436630884,573,195825
573_272094,0.00330403771012908,573,272094
574_26097,0.00294106686812027,574,26097
598_11543,0.00304060931085062,598,11543
598_11547,0.00304982328785479,598,11547
598_14009,0.00315808811109966,598,14009
598_118236,0.00296360100711431,598,118236
598_424363,0.00330708129553849,598,424363
598_446793,0.00309804377783643,598,446793
598_524078,0.00310327009532336,598,524078
598_524114,0.00313110541214012,598,524114
598_663631,0.00176084334370011,598,663631
618_68506,0.00278921579806087,618,68506
622_48109,0.00286128830473904,622,48109
622_48145,0.00285466693325312,622,48145
622_48195,0.00285466693325312,622,48195
622_56811,0.00275885509784554,622,56811
622_56857,0.00299711603474707,622,56857
634_310481,0.00326285671016154,634,310481
634_310514,0.00326285671016154,634,310514
634_438424,0.00325261361963226,634,438424
634_475232,0.00304855880149024,634,475232
634_486262,0.00298863581845378,634,486262
634_486266,0.00299565273327908,634,486266
634_486349,0.00117452445539167,634,486349
634_629276,0.00319433431402842,634,629276
634_629292,0.00286732542163543,634,629292
634_744339,0.00307200918507507,634,744339
650_72884,0.00318757734018168,650,72884
664_55461,0.00286339913213338,664,55461
664_55475,0.00296654982717098,664,55475
689_2525,0.0023884570059844,689,2525
693_30119,0.00265271103476014,693,30119
698_11546,0.00311979706434702,698,11546
698_11557,0.00311979706434702,698,11557
698_11570,0.00311979706434702,698,11570
698_11599,0.00311979706434702,698,11599
698_53240,0.00296405511076576,698,53240
698_120544,0.00272292619528303,698,120544
698_120595,0.00286470473272515,698,120595
728_3169,0.00240569966465726,728,3169
728_3278,0.0022624302076066,728,3278
758_285252,0.00277990357167053,758,285252
758_285259,0.00277990357167053,758,285259
758_522748,0.003026757980615,758,522748
758_535973,0.00248338744540846,758,535973
758_538018,0.00307327838504934,758,538018
768_19679,0.00315706332880384,768,19679
768_19784,0.00296148166852791,768,19784
768_92231,0.00313312506904838,768,92231
768_140238,0.0032565631124141,768,140238
768_146767,0.00319695591096653,768,146767
768_146818,0.00314259550829767,768,146818
768_200788,0.00290432436525483,768,200788
773_237892,0.00138041696980023,773,237892
790_4019,0.00343664810269343,790,4019
792_101962,0.00269947475271642,792,101962
792_116107,0.00283005077633057,792,116107
792_136652,0.00279754952707671,792,136652
807_26003,0.00297564622514051,807,26003
815_164248,0.00280433210797665,815,164248
815_164257,0.00280433210797665,815,164257
815_211625,0.00240704607834941,815,211625
815_211638,0.00240704607834941,815,211638
815_211665,0.00251592451799167,815,211665
815_211666,0.00251592451799167,815,211666
815_254777,0.00236037679931442,815,254777
816_30751,0.00320113242940855,816,30751
816_30764,0.00302793703642358,816,30764
816_30842,0.00301023859730407,816,30842
816_30853,0.00301023859730407,816,30853
859_101925,0.00313144934803467,859,101925
903_116365,0.00277339883984743,903,116365
1049_8609,0.00286006685604194,1049,8609
1049_8612,0.00286006685604194,1049,8612
1049_58819,0.00268148207976186,1049,58819
1049_61482,0.0032160908016152,1049,61482
1074_53295,0.00325641899589632,1074,53295
1074_80314,0.0029795452707688,1074,80314
1074_82782,0.00328992207709292,1074,82782
1110_32069,0.00331178160817807,1110,32069
1110_32073,0.00338040777469856,1110,32073
1110_32108,0.00331178160817807,1110,32108
1219_259532,0.00300853029100639,1219,259532
1219_348875,0.00267241298192105,1219,348875
1219_348916,0.00267241298192105,1219,348916
1219_381419,0.00183135217757232,1219,381419
1291_17848,0.00327702645430621,1291,17848
1291_17879,0.00327702645430621,1291,17879
1333_56443,0.00316449191263231,1333,56443
1333_148514,0.00305759743508323,1333,148514
1345_101391,0.00262970263335034,1345,101391
1345_405988,0.00274890796178835,1345,405988
1360_54158,0.00307547523660621,1360,54158
1485_26175,0.00296770253033669,1485,26175
1501_19917,0.00316429407051017,1501,19917
1523_61465,0.00322384315218497,1523,61465
1565_141621,0.00288317629262425,1565,141621
1565_181757,0.00291552892818917,1565,181757
1565_205598,0.00283857154746036,1565,205598
1674_6915,0.0030153075859815,1674,6915
1674_6998,0.00270890131864471,1674,6998
1684_18343,0.00276388467557865,1684,18343
1684_33743,0.00290961954631711,1684,33743
1684_96646,0.00256213166570384,1684,96646
1684_96660,0.00281436246806238,1684,96660
1684_277936,0.00276394574386066,1684,277936
1684_325854,0.00275922309058964,1684,325854
1684_392487,0.00268155170885633,1684,392487
1684_392546,0.00268155170885633,1684,392546
1699_15339,0.00243768955442085,1699,15339
1699_23204,0.00195937800798035,1699,23204
1699_66287,0.00235372012262111,1699,66287
1753_47817,0.00272945486752995,1753,47817
1753_47834,0.00262356556480734,1753,47834
1753_81498,0.00303459806184309,1753,81498
1808_9694,0.00315711487007543,1808,9694
1808_9715,0.00315711487007543,1808,9715
1808_9728,0.00315711487007543,1808,9728
1869_51870,0.00339096970637776,1869,51870
1873_11855,0.00295015846803263,1873,11855
1873_11860,0.00323761212625306,1873,11860
1873_11866,0.00323761212625306,1873,11866
2097_9733,0.00318534245099907,2097,9733
2097_9772,0.00314560267741498,2097,9772
2097_332409,0.00315349297885545,2097,332409
2097_332479,0.0031430775147347,2097,332479
2097_332481,0.00309471498764553,2097,332481
2113_132107,0.000831131023263093,2113,132107
2113_213034,0.00303122267180102,2113,213034
2113_277506,0.00298715091602109,2113,277506
2113_277589,0.00299307615469954,2113,277589
2113_280334,0.00295817724149658,2113,280334
2113_280397,0.00279867519197331,2113,280397
2113_280403,0.00291511895976975,2113,280403
2113_284981,0.00305955654412761,2113,284981
2113_420858,0.00231369636388053,2113,420858
2117_6917,0.00283868594070174,2117,6917
2133_116137,0.00249331270377438,2133,116137
2133_174734,0.00286532177700441,2133,174734
2133_196322,0.00284320695939953,2133,196322
2133_259423,0.00265705744224715,2133,259423
2133_300479,0.00284430717330114,2133,300479
2133_305356,0.00275776489833415,2133,305356
2133_464496,0.00220593972230667,2133,464496
2133_576014,0.00268645460942412,2133,576014
2141_91135,0.00324004226572214,2141,91135
2201_22565,0.00297863833707434,2201,22565
2201_22617,0.00294999704360901,2201,22617
2201_24311,0.00293220833558595,2201,24311
2201_24332,0.00286074963171771,2201,24332
2201_24343,0.0030466643751515,2201,24343
2201_33793,0.00275965159462993,2201,33793
2201_33830,0.00253989381385192,2201,33830
2201_106465,0.00335242050912714,2201,106465
2243_54004,0.00313602232012649,2243,54004
2243_60892,0.00299906213206901,2243,60892
2243_172984,0.00282829692429786,2243,172984
2243_172992,0.0028084362738836,2243,172992
2344_52173,0.00300038234471454,2344,52173
2344_63298,0.00215849259847485,2344,63298
2354_7304,0.0031865266608233,2354,7304
2516_11209,0.00321171022266656,2516,11209
2708_49620,0.00306317931165021,2708,49620
2708_49705,0.00320123924424047,2708,49705
2708_78481,0.00330666249242162,2708,78481
2708_78490,0.00320675890620152,2708,78490
2708_98734,0.00294298345098423,2708,98734
2856_72143,0.00301243766094545,2856,72143
2856_72150,0.00299652498184727,2856,72150
2856_72182,0.00301243766094545,2856,72182
3430_8410,0.00287742398055871,3430,8410
3539_49787,0.00220052890681406,3539,49787
3539_99676,0.00244572793292742,3539,99676
3539_112234,0.00239830153224959,3539,112234
3539_316035,0.00259559141863595,3539,316035
3539_316036,0.00264025504060454,3539,316036
3539_316085,0.00257690676304163,3539,316085
3539_460458,0.00189332959202553,3539,460458
3539_557052,0.00262795601561095,3539,557052
3539_740154,0.00264943835414994,3539,740154
3539_777862,0.00216216453227449,3539,777862
3539_809739,0.00234427854102256,3539,809739
3539_843369,0.00237304383150257,3539,843369
3539_848249,0.00270418156718356,3539,848249
3689_67944,0.00318302647968096,3689,67944
3689_98624,0.00313187409982426,3689,98624
3828_472,0.00325288650965424,3828,472
3828_562,0.00264223528886156,3828,562
3828_56977,0.00299743694257629,3828,56977
3828_66724,0.00309525308933139,3828,66724
3828_73586,0.00297598667639163,3828,73586
3828_73969,0.00287294494963586,3828,73969
3828_76953,0.00277973581742932,3828,76953
3828_77013,0.00321666953562958,3828,77013
3828_77028,0.00327263570890906,3828,77028
3828_77029,0.00327263570890906,3828,77029
3828_77035,0.00327263570890906,3828,77035
3828_82406,0.0024275031616784,3828,82406
3828_82466,0.00291942278697527,3828,82466
3828_82543,0.00297684157391341,3828,82543
3828_160411,0.00308300037673956,3828,160411
3863_2157,0.00276856457044316,3863,2157
3863_9402,0.00303657350053199,3863,9402
469383_13969,0.00308491016069588,469383,13969
469383_14002,0.00308229867720999,469383,14002
469383_14022,0.00295050566636117,469383,14022
500559_4522,0.00259123342940761,500559,4522
503523_8001,0.00328360143771773,503523,8001
504315_6080,0.00325260532734301,504315,6080
504315_6126,0.0030463250788007,504315,6126
504315_8743,0.000923032789924468,504315,8743
504486_6509,0.00262181295844448,504486,6509
504486_6510,0.00262181295844448,504486,6510
504527_17989,0.00280409331969351,504527,17989
505383_10371,0.00237455765994567,505383,10371
505383_10391,0.00230934819534975,505383,10391
505383_10411,0.00242999758291696,505383,10411
505383_10459,0.00211609683150447,505383,10459
505383_10460,0.00210644707458542,505383,10460
505383_10473,0.00213479634902534,505383,10473
505506_4078,0.00255781550105736,505506,4078
505506_11841,0.00249601514331771,505506,11841
505506_11964,0.00281700260681972,505506,11964
505792_9399,0.00161292745170907,505792,9399
506208_1203,0.00331694157982353,506208,1203
694266_2859,0.00280217228377229,694266,2859
